"Status","Start Time","Stop Time","Duration in ms","Parent Suite","Suite","Sub Suite","Test Class","Test Method","Name","Description"
"passed","Wed Sep 23 17:13:48 MSK 2026","Wed Sep 23 17:13:53 MSK 2026","5406","","tests.ConstructorTest","","tests.ConstructorTest","switchToBunsTabTest","Вкладка «Булки»","Переход на вкладку «Булки»"
"passed","Wed Sep 23 17:13:54 MSK 2026","Wed Sep 23 17:13:56 MSK 2026","2053","","tests.ConstructorTest","","tests.ConstructorTest","switchToSaucesTabTest","Вкладка «Соусы»","Переход на вкладку «Соусы»"
"passed","Wed Sep 23 17:13:57 MSK 2026","Wed Sep 23 17:14:04 MSK 2026","6519","","tests.LoginTest","","tests.LoginTest","loginAccountButtonTest","Вход через кнопку «Личный кабинет»","ПРоверяет вход через кнопку «Личный кабинет»"
"passed","Wed Sep 23 17:14:11 MSK 2026","Wed Sep 23 17:14:16 MSK 2026","4078","","tests.LoginTest","","tests.LoginTest","loginRegisterFormButtonTest","Вход через кнопку в форме регистрации","Проверяет вход через кнопку в форме регистрации"
"passed","Wed Sep 23 17:14:04 MSK 2026","Wed Sep 23 17:14:08 MSK 2026","3862","","tests.LoginTest","","tests.LoginTest","loginMainPageButtonTest","Вход через кнопку «Войти в аккаунт» на главной","Проверяет вход на главной странице через кнопку «Войти в аккаунт»"
"passed","Wed Sep 23 17:14:08 MSK 2026","Wed Sep 23 17:14:11 MSK 2026","3621","","tests.LoginTest","","tests.LoginTest","loginRestorePasswordFormButtonTest","Вход через кнопку в форме восстановления пароля","Провкряет вход через кнопку в форме восстановления пароля"
"passed","Wed Sep 23 17:14:19 MSK 2026","Wed Sep 23 17:14:23 MSK 2026","3093","","tests.RegistrationTest","","tests.RegistrationTest","successfulRegistrationTest","Успешная регистрация","Новый пользователь может зарегистрироваться с валидными данными"
"passed","Wed Sep 23 17:14:16 MSK 2026","Wed Sep 23 17:14:19 MSK 2026","3880","","tests.RegistrationTest","","tests.RegistrationTest","shortPasswordErrorTest","Ошибка при пароле короче 6 символов","Если пароль меньше 6 символов, появляется сообщение об ошибке"
"passed","Wed Sep 23 17:13:56 MSK 2026","Wed Sep 23 17:13:57 MSK 2026","1896","","tests.ConstructorTest","","tests.ConstructorTest","switchToFillingsTabTest","Вкладка «Начинки»","Переход на вкладку «Начинки»"
